Original recorded  name,Dataset code,site name,Higher taxon,Family,Genus,Species,Subspecies etc
"Franciscano",2,"3298","3300","Cerastium arvensefD<4","","",""
"Franciscano",2,"936","945","Hordeum comosum^@:4¿","","",""
"Franciscano",2,"1223","1229","Hordeum comosumbD<4¿","","",""
"Franciscano",2,"1664","1671","Hordeum comosumbD<4¿","","",""
"Franciscano",2,"1736","1737","Hordeum comosumbD<4¿","","",""
"Franciscano",2,"1758","1767","Hordeum comosumbD<4¿","","",""
"Franciscano",2,"2810","2817","Hordeum comosumbD<4¿","","",""
"Franciscano",2,"841","858","Phacelia secunda`@:4¿","","",""
"Franciscano",2,"1012","1013","Viola atropurpureahD<4","","",""
"Franciscano",2,"1278","1281","Viola atropurpureahD<4","","",""
"Franciscano",2,"4137","4143","Viola atropurpureahD<4","","",""
"Franciscano",3,"682","684","Adesmia glomerulab@:4¿","","",""
"Franciscano",3,"688","712","Hordeum comosum^@:4¿ô","","",""
"Franciscano",3,"1415","1420","Hordeum comosumbD<4¿","","",""
"Franciscano",3,"1970","1977","Hordeum comosumbD<4¿","","",""
"Franciscano",3,"2919","2922","Hordeum comosumbD<4¿","","",""
"Franciscano",3,"2860","2872","Nastantus caespitosal","","",""
"Franciscano",3,"2646","2657","Taraxacum offi","","",""
"Franciscano",3,"518","521","Viola atropurpuread@:4¿","","",""
"Franciscano",3,"1582","1586","Viola atropurpureahD<4","","",""
